path	expected	actual	status
qc/repairs/coldwater-2026-10-01-stricter-r3/apply_confirmed_repairs.py	94c5c44a6e1576ff5676d9e9e028808caad13712b2c16db8350fdcc2d6df7ad0	94c5c44a6e1576ff5676d9e9e028808caad13712b2c16db8350fdcc2d6df7ad0	MATCH
qc/repairs/coldwater-2026-10-01-stricter-r3/attempt1/runtime-desktop.png	40ee33c0cd14466510eda18eed0b0147adb68148040ec2f41be13a40d7b05cbb	40ee33c0cd14466510eda18eed0b0147adb68148040ec2f41be13a40d7b05cbb	MATCH
qc/repairs/coldwater-2026-10-01-stricter-r3/attempt1/runtime-mobile.png	c8904af48ce53adc4a7d9f487d242b0604c88fd81b85e4d3facf63a34521835d	c8904af48ce53adc4a7d9f487d242b0604c88fd81b85e4d3facf63a34521835d	MATCH
qc/repairs/coldwater-2026-10-01-stricter-r3/attempt1/runtime-progress.json	ec5492ae75587527160c3ed0a24809affe9282515ea2247e416cdbedb81f89d9	ec5492ae75587527160c3ed0a24809affe9282515ea2247e416cdbedb81f89d9	MATCH
qc/repairs/coldwater-2026-10-01-stricter-r3/attempt1/runtime-results.json	400fa9b7578b969949c1aae8f5215f4f60b0839f254c1e8e5552cd45a2f2b07f	400fa9b7578b969949c1aae8f5215f4f60b0839f254c1e8e5552cd45a2f2b07f	MATCH
qc/repairs/coldwater-2026-10-01-stricter-r3/attempt2/full-install-binding.json	79a1c59bad97faef1afd0946c318d1e0dbe5b68e6b18cd7d1d960bdd0d1aa1fb	79a1c59bad97faef1afd0946c318d1e0dbe5b68e6b18cd7d1d960bdd0d1aa1fb	MATCH
qc/repairs/coldwater-2026-10-01-stricter-r3/attempt2/runtime-desktop.png	b23181f978dd574fd6a5601919a7bf9c1c36910ba41a463ea7bac311662b0170	b23181f978dd574fd6a5601919a7bf9c1c36910ba41a463ea7bac311662b0170	MATCH
qc/repairs/coldwater-2026-10-01-stricter-r3/attempt2/runtime-mobile.png	df863c796d022110104bd183c5e1d8186280422e7b789e71cc217ce3daf64a83	df863c796d022110104bd183c5e1d8186280422e7b789e71cc217ce3daf64a83	MATCH
qc/repairs/coldwater-2026-10-01-stricter-r3/attempt2/runtime-progress.json	cf42fbd12892bbf0bad9476c62a337ab3fb86cd15d70d86e8ec4bd96325a4215	cf42fbd12892bbf0bad9476c62a337ab3fb86cd15d70d86e8ec4bd96325a4215	MATCH
qc/repairs/coldwater-2026-10-01-stricter-r3/attempt2/runtime-results.json	34457ff6d08890c96e5e718a648c95ccc1007e41234f08fca89f6383f13ba5c3	34457ff6d08890c96e5e718a648c95ccc1007e41234f08fca89f6383f13ba5c3	MATCH
qc/repairs/coldwater-2026-10-01-stricter-r3/build_evidence_index.py	1c8e1c687ecc5b3d751cde30b413afb82ef990532c8121f844b3bf6a11da9143	1c8e1c687ecc5b3d751cde30b413afb82ef990532c8121f844b3bf6a11da9143	MATCH
qc/repairs/coldwater-2026-10-01-stricter-r3/canvas-regression.json	71648f2a2cb5d16dfb65df79101e9c4c19ea83922100aac735e29a8548cd3393	71648f2a2cb5d16dfb65df79101e9c4c19ea83922100aac735e29a8548cd3393	MATCH
qc/repairs/coldwater-2026-10-01-stricter-r3/capture_install_binding.py	f1f03564491a94d3adba2d69f7062c02fc68e981a6465cd7f458e5afd4f3d7a4	f1f03564491a94d3adba2d69f7062c02fc68e981a6465cd7f458e5afd4f3d7a4	MATCH
qc/repairs/coldwater-2026-10-01-stricter-r3/desktop.png	ea6da16c9eddc78df4cab50af5284a2339301ad626a108d70169261ad2e74a9b	ea6da16c9eddc78df4cab50af5284a2339301ad626a108d70169261ad2e74a9b	MATCH
qc/repairs/coldwater-2026-10-01-stricter-r3/drivers/baseline_flow.cjs	f1620b54ff18dd72b8792db057fe8d60dd993f3f2e6be9d62e22ae2b3c31f72f	f1620b54ff18dd72b8792db057fe8d60dd993f3f2e6be9d62e22ae2b3c31f72f	MATCH
qc/repairs/coldwater-2026-10-01-stricter-r3/drivers/boundary_flow.cjs	966e77b178255f1cb28a7b78fef3f2039ef99f7132304fd3fba3c8ed15d709e0	966e77b178255f1cb28a7b78fef3f2039ef99f7132304fd3fba3c8ed15d709e0	MATCH
qc/repairs/coldwater-2026-10-01-stricter-r3/drivers/canvas_regression.cjs	60a26379c4bf42b42ac7eac45956eabd62861a5c14ae07ea18dac8034d8b9f1d	60a26379c4bf42b42ac7eac45956eabd62861a5c14ae07ea18dac8034d8b9f1d	MATCH
qc/repairs/coldwater-2026-10-01-stricter-r3/drivers/computed_luna_gate.cjs	ef9caa8c887d16d5815dcf86866ba895be45ce4576518271fa5be4143708e706	ef9caa8c887d16d5815dcf86866ba895be45ce4576518271fa5be4143708e706	MATCH
qc/repairs/coldwater-2026-10-01-stricter-r3/drivers/computed_mock_gate.cjs	d5917baf69766bec8b5ce9923e0e8ed8937cee94d48c831981dcf916c8e65e38	d5917baf69766bec8b5ce9923e0e8ed8937cee94d48c831981dcf916c8e65e38	MATCH
qc/repairs/coldwater-2026-10-01-stricter-r3/drivers/current_flow.cjs	32d623d04e7f34f448d40650b9d654a3b4a305487b40f143130ea3d610b21a79	32d623d04e7f34f448d40650b9d654a3b4a305487b40f143130ea3d610b21a79	MATCH
qc/repairs/coldwater-2026-10-01-stricter-r3/drivers/fairness_flow.cjs	a3dad3eff1d7dfe663bd9c25b9f745e8017659b64a901cd72c17792c44ef63c2	a3dad3eff1d7dfe663bd9c25b9f745e8017659b64a901cd72c17792c44ef63c2	MATCH
qc/repairs/coldwater-2026-10-01-stricter-r3/drivers/fairness_probe.cjs	cc7a49cc30ad770b857640552f27b2fb16467919d3837496019f3931c7a09006	cc7a49cc30ad770b857640552f27b2fb16467919d3837496019f3931c7a09006	MATCH
qc/repairs/coldwater-2026-10-01-stricter-r3/drivers/full_install_start.sh	7970c35d8c1dc31785f8aafeae8513b49cdb50300a2d44599aae449303321445	7970c35d8c1dc31785f8aafeae8513b49cdb50300a2d44599aae449303321445	MATCH
qc/repairs/coldwater-2026-10-01-stricter-r3/drivers/golden_regressions.cjs	1c03188a8d21e162161e6cbaedb66e8739cb93c6b7b52c7a3a183bffb6eefcd9	1c03188a8d21e162161e6cbaedb66e8739cb93c6b7b52c7a3a183bffb6eefcd9	MATCH
qc/repairs/coldwater-2026-10-01-stricter-r3/drivers/history_proof.cjs	3b3d254ae4c57fb84e47febb002a89204182658bc699c98a9595f0ee6ef49aed	3b3d254ae4c57fb84e47febb002a89204182658bc699c98a9595f0ee6ef49aed	MATCH
qc/repairs/coldwater-2026-10-01-stricter-r3/drivers/install_smoke.sh	b06a24f3a6ab315f7cf1d323d0137abc86f272afb13993d7eead7d1a37c64a0c	b06a24f3a6ab315f7cf1d323d0137abc86f272afb13993d7eead7d1a37c64a0c	MATCH
qc/repairs/coldwater-2026-10-01-stricter-r3/drivers/library_flow.cjs	ecf546fb5c2e9f05630b300d70b4055b187577ba22e741e5e145c2d82dcbc9bd	ecf546fb5c2e9f05630b300d70b4055b187577ba22e741e5e145c2d82dcbc9bd	MATCH
qc/repairs/coldwater-2026-10-01-stricter-r3/drivers/lifecycle_flow.cjs	dede371b690a4989e92c6916cee9add3cfee691c3b17c96a080b8ad4bb9bfd96	dede371b690a4989e92c6916cee9add3cfee691c3b17c96a080b8ad4bb9bfd96	MATCH
qc/repairs/coldwater-2026-10-01-stricter-r3/drivers/lifecycle_probe.cjs	1804d84a073099a62515e319e70a8364980b628f63830f5c1390e45939ee092f	1804d84a073099a62515e319e70a8364980b628f63830f5c1390e45939ee092f	MATCH
qc/repairs/coldwater-2026-10-01-stricter-r3/drivers/luna_witness.cjs	378b438fc8b1e02c17a2642e0f7bad80cde5689508bab8026a955ede28a5fb24	378b438fc8b1e02c17a2642e0f7bad80cde5689508bab8026a955ede28a5fb24	MATCH
qc/repairs/coldwater-2026-10-01-stricter-r3/drivers/mobile_preview_capture.cjs	3388409608ca6229dd3d5a97600a7feee5446f933e0edbdc114a638007b90c76	3388409608ca6229dd3d5a97600a7feee5446f933e0edbdc114a638007b90c76	MATCH
qc/repairs/coldwater-2026-10-01-stricter-r3/drivers/partial_variant_flow.cjs	d2e52a5b08f7f82e8d9c2eb86c4cd36a1d737f43d9ee9778d79764e2c9b4b509	d2e52a5b08f7f82e8d9c2eb86c4cd36a1d737f43d9ee9778d79764e2c9b4b509	MATCH
qc/repairs/coldwater-2026-10-01-stricter-r3/drivers/prepare_fairness_variants.cjs	d969b9b5e4c66bb6c50a524518a0c68d037016f45da105753171b4736f9bf865	d969b9b5e4c66bb6c50a524518a0c68d037016f45da105753171b4736f9bf865	MATCH
qc/repairs/coldwater-2026-10-01-stricter-r3/drivers/prepare_inputs.cjs	3b646045e6dd8ec1f8203de76c3fe4abf4d719f2943aa4cf370b497279bd81fc	3b646045e6dd8ec1f8203de76c3fe4abf4d719f2943aa4cf370b497279bd81fc	MATCH
qc/repairs/coldwater-2026-10-01-stricter-r3/drivers/prepare_lifecycle_variants.cjs	0cc23008ac986a18e7208348a88c56311bae16b849b5ceef964a9af2485d0b7a	0cc23008ac986a18e7208348a88c56311bae16b849b5ceef964a9af2485d0b7a	MATCH
qc/repairs/coldwater-2026-10-01-stricter-r3/drivers/prepare_refusal_variants.cjs	b228c09d63147346af1dd7259b999ce71da74e5390d46bee2fc8214e870fbb0c	b228c09d63147346af1dd7259b999ce71da74e5390d46bee2fc8214e870fbb0c	MATCH
qc/repairs/coldwater-2026-10-01-stricter-r3/drivers/prepare_variants.cjs	50b73a9cbc7712b7a2aff45054414e8e45e982d6b70dbeb2b440fbd58741610c	50b73a9cbc7712b7a2aff45054414e8e45e982d6b70dbeb2b440fbd58741610c	MATCH
qc/repairs/coldwater-2026-10-01-stricter-r3/drivers/refusal_flow.cjs	bd450d9db20aecf3d73fd852f269142e798161254de2b7fc4029101ae08e0302	bd450d9db20aecf3d73fd852f269142e798161254de2b7fc4029101ae08e0302	MATCH
qc/repairs/coldwater-2026-10-01-stricter-r3/drivers/refusal_probe.cjs	04912eed0488b9fb2bcd777a4b5dda736f3f54af409a0201f108986b9a0f8122	04912eed0488b9fb2bcd777a4b5dda736f3f54af409a0201f108986b9a0f8122	MATCH
qc/repairs/coldwater-2026-10-01-stricter-r3/drivers/repair_flow.cjs	2155d5167784734181c314c5930500c2c60d5401c5ced45d7f2548a8facb9b28	2155d5167784734181c314c5930500c2c60d5401c5ced45d7f2548a8facb9b28	MATCH
qc/repairs/coldwater-2026-10-01-stricter-r3/drivers/restart_examples.cjs	56625fce5b7d8e4fad05640c5ed74d92768cd43bc62398ab7764e5e1f419e5b2	56625fce5b7d8e4fad05640c5ed74d92768cd43bc62398ab7764e5e1f419e5b2	MATCH
qc/repairs/coldwater-2026-10-01-stricter-r3/drivers/retained_proof.cjs	b998245e03b8e122e5ddd593bd9e7804a4acd205c2358cf6ce7275d22007eaab	b998245e03b8e122e5ddd593bd9e7804a4acd205c2358cf6ce7275d22007eaab	MATCH
qc/repairs/coldwater-2026-10-01-stricter-r3/drivers/run_workflow.cjs	18ea529b43a32cfbfe5f84f179e482d8febe01f43df9921debfcdcaf7a6c0ad6	18ea529b43a32cfbfe5f84f179e482d8febe01f43df9921debfcdcaf7a6c0ad6	MATCH
qc/repairs/coldwater-2026-10-01-stricter-r3/drivers/runtime_edge_flow.cjs	9fdb2369f9bae9540537302aa67cf1c93cebcc12e3a1773f338c9c94d0272ad1	9fdb2369f9bae9540537302aa67cf1c93cebcc12e3a1773f338c9c94d0272ad1	MATCH
qc/repairs/coldwater-2026-10-01-stricter-r3/drivers/runtime_flow.cjs	43e1fe72ba637c49337f266bf43f5985430c7578e5eb975d369dbd814eec9a6b	43e1fe72ba637c49337f266bf43f5985430c7578e5eb975d369dbd814eec9a6b	MATCH
qc/repairs/coldwater-2026-10-01-stricter-r3/drivers/stale_flow.cjs	f5ad089cffb4a8506200bfe67e9ccd9eb8a118daf314d062c913a28d2d326924	f5ad089cffb4a8506200bfe67e9ccd9eb8a118daf314d062c913a28d2d326924	MATCH
qc/repairs/coldwater-2026-10-01-stricter-r3/drivers/strict_proof.cjs	35a60f92648a22d1d1299a68aac13087d97b83001bca2f689ffbefd9d6e922d2	35a60f92648a22d1d1299a68aac13087d97b83001bca2f689ffbefd9d6e922d2	MATCH
qc/repairs/coldwater-2026-10-01-stricter-r3/drivers/surface_flow.cjs	90768638972e72b6b2e27fbaad7028498568886bd0ec32cb9fcae2ec10b62913	90768638972e72b6b2e27fbaad7028498568886bd0ec32cb9fcae2ec10b62913	MATCH
qc/repairs/coldwater-2026-10-01-stricter-r3/drivers/variant_mutations.cjs	deed6a9e59eddb0f7b561a8710b6a6cc37743adc074d8b74df1e5ebb653aae83	deed6a9e59eddb0f7b561a8710b6a6cc37743adc074d8b74df1e5ebb653aae83	MATCH
qc/repairs/coldwater-2026-10-01-stricter-r3/drivers/workflow_core.cjs	a26e967aa09ab645a4d6c197ea97eadd25d2935fdf9490c219595be91bfd78e4	a26e967aa09ab645a4d6c197ea97eadd25d2935fdf9490c219595be91bfd78e4	MATCH
qc/repairs/coldwater-2026-10-01-stricter-r3/drivers/workspace_flow.cjs	b27981f79b6766a225dfae5b1fed5456f0fa5f7c3da3903b9fff088b047f7ef6	b27981f79b6766a225dfae5b1fed5456f0fa5f7c3da3903b9fff088b047f7ef6	MATCH
qc/repairs/coldwater-2026-10-01-stricter-r3/full-install-binding.json	1d0ebe31f5cebb0a5a63269806c57827eb66513a1e79f819425b382933c51dec	1d0ebe31f5cebb0a5a63269806c57827eb66513a1e79f819425b382933c51dec	MATCH
qc/repairs/coldwater-2026-10-01-stricter-r3/functional-coverage.json	3674f8d5de889e74146c5c8992c9de73f7af5bd3fbe4f01ba9a7914834fc0a86	3674f8d5de889e74146c5c8992c9de73f7af5bd3fbe4f01ba9a7914834fc0a86	MATCH
qc/repairs/coldwater-2026-10-01-stricter-r3/golden-regressions.json	b7a79f4cdc4c2caa5dcf7adacc01a858495c9ac0b1ffe8bd5be6a791e104e218	b7a79f4cdc4c2caa5dcf7adacc01a858495c9ac0b1ffe8bd5be6a791e104e218	MATCH
qc/repairs/coldwater-2026-10-01-stricter-r3/history-desktop.png	b6002c968765977b85dc2d0733c051f2be0b4c1e986de8a74b47ecb755a5a8ad	b6002c968765977b85dc2d0733c051f2be0b4c1e986de8a74b47ecb755a5a8ad	MATCH
qc/repairs/coldwater-2026-10-01-stricter-r3/history-mobile.png	3b36bbe4b9dcf8ca8742247c66558307fd0b6b33d7873d809fa8903c1fb65a2c	3b36bbe4b9dcf8ca8742247c66558307fd0b6b33d7873d809fa8903c1fb65a2c	MATCH
qc/repairs/coldwater-2026-10-01-stricter-r3/history-progress.json	fa628a703e91d4effe9a00aa4982daed181baa0350a68a8b93f415f55ae35775	fa628a703e91d4effe9a00aa4982daed181baa0350a68a8b93f415f55ae35775	MATCH
qc/repairs/coldwater-2026-10-01-stricter-r3/history-results.json	6669fbfedd28432c2066340d861897c35a09a189f66db663e1673510803ca2c6	6669fbfedd28432c2066340d861897c35a09a189f66db663e1673510803ca2c6	MATCH
qc/repairs/coldwater-2026-10-01-stricter-r3/history-state.json	4c19411451b5ae9802c43009f76e99a90d88569130d1fb77ddd4d805a37420b7	4c19411451b5ae9802c43009f76e99a90d88569130d1fb77ddd4d805a37420b7	MATCH
qc/repairs/coldwater-2026-10-01-stricter-r3/local-proof-summary.json	cf835729dba5565c7e2748792e2cc94f1881775797ce0b7b96ab2852b80f6438	cf835729dba5565c7e2748792e2cc94f1881775797ce0b7b96ab2852b80f6438	MATCH
qc/repairs/coldwater-2026-10-01-stricter-r3/mobile-preview-visible.json	debee5001dfff7e866cc3494537996dbdff1c4c04cec9ead471847281c1e7eb6	debee5001dfff7e866cc3494537996dbdff1c4c04cec9ead471847281c1e7eb6	MATCH
qc/repairs/coldwater-2026-10-01-stricter-r3/mobile-preview-visible.png	7356bbcea24115cc52d7c899aa2440738b640abff09588875fbe804dc4753b67	7356bbcea24115cc52d7c899aa2440738b640abff09588875fbe804dc4753b67	MATCH
qc/repairs/coldwater-2026-10-01-stricter-r3/mobile.png	60db17144e7a97be730a1c7ee5293c4e6b3d2f31c0289e765648403bf53ac30f	60db17144e7a97be730a1c7ee5293c4e6b3d2f31c0289e765648403bf53ac30f	MATCH
qc/repairs/coldwater-2026-10-01-stricter-r3/post-desktop.png	615975cd2f5ab8656fd6108c5e8dbc6a15920e33f387640ca1ca4849a14daf43	615975cd2f5ab8656fd6108c5e8dbc6a15920e33f387640ca1ca4849a14daf43	MATCH
qc/repairs/coldwater-2026-10-01-stricter-r3/post-mobile.png	58d6804591e0c8d792ed9fd63dc19efb15761ec0656ac7331848898fcdf77405	58d6804591e0c8d792ed9fd63dc19efb15761ec0656ac7331848898fcdf77405	MATCH
qc/repairs/coldwater-2026-10-01-stricter-r3/post-progress.json	772e510a72fc2cd2d57ce85c485fdd7fbc30ef04b79b9dab45e1b1c0372600bf	772e510a72fc2cd2d57ce85c485fdd7fbc30ef04b79b9dab45e1b1c0372600bf	MATCH
qc/repairs/coldwater-2026-10-01-stricter-r3/post-results.json	f5f155145b1bd42446eee09a690f4cc20e75484637d4a7777198b294d7b13f08	f5f155145b1bd42446eee09a690f4cc20e75484637d4a7777198b294d7b13f08	MATCH
qc/repairs/coldwater-2026-10-01-stricter-r3/preflight.json	df7f1e1a8ff9e73cc11e09d0826181ee971b8cb6a52456fdea6b91e7fc15ba51	df7f1e1a8ff9e73cc11e09d0826181ee971b8cb6a52456fdea6b91e7fc15ba51	MATCH
qc/repairs/coldwater-2026-10-01-stricter-r3/prepare_local_proof.py	d120836b63003a300831f04d83c458ddc6f97e36015082f4441c599238ac8af1	d120836b63003a300831f04d83c458ddc6f97e36015082f4441c599238ac8af1	MATCH
qc/repairs/coldwater-2026-10-01-stricter-r3/proof-inputs.json	d0cf77c9d9f02e977333107c16f802a1afbe0cb34ec7aead91b0221d9b07525f	d0cf77c9d9f02e977333107c16f802a1afbe0cb34ec7aead91b0221d9b07525f	MATCH
qc/repairs/coldwater-2026-10-01-stricter-r3/runtime-desktop.png	fb40081cf7625f4c80e390464264c96eb36c4e308ac53774925fef00ed43c1ca	fb40081cf7625f4c80e390464264c96eb36c4e308ac53774925fef00ed43c1ca	MATCH
qc/repairs/coldwater-2026-10-01-stricter-r3/runtime-mobile.png	2a91156853ad5ef91f98a579adab785e9f400d81410feab5aae6b0b7183acfc4	2a91156853ad5ef91f98a579adab785e9f400d81410feab5aae6b0b7183acfc4	MATCH
qc/repairs/coldwater-2026-10-01-stricter-r3/runtime-progress.json	7440f686173208a09529feebb83e3fb5d785b160fda847515fc4594c70176974	7440f686173208a09529feebb83e3fb5d785b160fda847515fc4594c70176974	MATCH
qc/repairs/coldwater-2026-10-01-stricter-r3/runtime-results.json	7d9c8c0ee7c1460a4a4818f2e6eb4d77e9331f61e3fa6004c95a520ed534b386	7d9c8c0ee7c1460a4a4818f2e6eb4d77e9331f61e3fa6004c95a520ed534b386	MATCH
qc/repairs/coldwater-2026-10-01-stricter-r3/source-guards.json	4a96072efa8548f287e9cdead76fbf4812a0d72d85b89b0e21f5a1b82455a27d	4a96072efa8548f287e9cdead76fbf4812a0d72d85b89b0e21f5a1b82455a27d	MATCH
qc/repairs/coldwater-2026-10-01-stricter-r3/surface-results.json	34d10c2650d15db257b01b18e26ffa6c8579ed88ff87b9fce3bb22353ea09067	34d10c2650d15db257b01b18e26ffa6c8579ed88ff87b9fce3bb22353ea09067	MATCH
qc/repairs/coldwater-2026-10-01-stricter-r3/validate_local_proof.py	623f7315c22e6c883fa7ec767eef95c445543a247cc3976446f18dd060f939be	623f7315c22e6c883fa7ec767eef95c445543a247cc3976446f18dd060f939be	MATCH
